username,recording_file
admin,2024-09-24-14-49-07.wav
user2,2024-09-24-15-09-49.wav
user2,2024-09-24-16-29-52.wav
user1,2024-09-24-16-44-07.wav
user2,2024-09-24-16-44-02.wav
user2,2024-09-24-16-42-35.wav
user2,2024-09-24-16-41-19.wav
user1,2024-09-24-16-46-12.wav
user1,2024-09-24-16-45-46.wav
user1,2024-09-24-16-46-57.wav
user2,2024-09-24-16-45-44.wav
user2,2024-09-24-16-46-53.wav
user1,2024-09-24-16-48-48.wav
user1,2024-09-24-16-50-26.wav
user2,2024-09-24-16-50-48.wav
user1,2024-09-24-16-51-54.wav
user2,2024-09-24-16-53-30.wav
user2,2024-09-24-16-52-05.wav
user1,2024-09-24-16-53-35.wav
user1,2024-09-24-16-53-57.wav
user1,2024-09-24-16-54-46.wav
user1,2024-09-24-16-55-26.wav
user1,2024-09-24-16-55-26.wav
user2,2024-09-24-16-55-40.wav
user1,2024-09-24-16-57-02.wav
user2,2024-09-24-16-57-09.wav
user2,2024-09-24-16-57-56.wav
user1,2024-09-24-16-58-52.wav
user2,2024-09-24-16-58-42.wav
user2,2024-09-24-17-00-12.wav
user1,2024-09-24-17-00-39.wav
user2,2024-09-24-17-01-12.wav
user2,2024-09-24-17-02-27.wav
user1,2024-09-24-17-02-25.wav
user1,2024-09-24-17-03-51.wav
user2,2024-09-24-17-03-52.wav
user2,2024-09-24-17-05-36.wav
user1,2024-09-24-17-07-34.wav
user2,2024-09-24-17-07-40.wav
user2,2024-09-24-17-09-32.wav
user1,2024-09-24-17-15-54.wav
Lazzaro,2024-09-24-18-24-28.wav
